Date,article_id,text,return
2021/12/1,1,选择珠江花园的原因就是方便，有电动扶梯直接到达海边，周围餐馆、食廊、商场、超市、摊位一应俱全。,0.01
2021/12/1,1,选择珠江花园的原因就是方便，有电动扶梯直接到达海边，周围餐馆、食廊、商场、超市、摊位一应俱全。,0.02
2021/12/5,2,选择珠江花园的原因就是方便，有电动扶梯直接到达海边，周围餐馆、食廊、商场、超市、摊位一应俱全。,0.03
2021/12/1,1,选择珠江花园的原因就是方便，有电动扶梯直接到达海边，周围餐馆、食廊、商场、超市、摊位一应俱全。,0.04
2021/12/1,1,选择珠江花园的原因就是方便，有电动扶梯直接到达海边，周围餐馆、食廊、商场、超市、摊位一应俱全。,0.05
2021/12/5,2,选择珠江花园的原因就是方便，有电动扶梯直接到达海边，周围餐馆、食廊、商场、超市、摊位一应俱全。,0.06
2021/12/1,1,选择珠江花园的原因就是方便，有电动扶梯直接到达海边，周围餐馆、食廊、商场、超市、摊位一应俱全。,0.07
2021/12/1,1,选择珠江花园的原因就是方便，有电动扶梯直接到达海边，周围餐馆、食廊、商场、超市、摊位一应俱全。,0.08
2021/12/5,2,选择珠江花园的原因就是方便，有电动扶梯直接到达海边，周围餐馆、食廊、商场、超市、摊位一应俱全。,0.09
2021/12/1,1,选择珠江花园的原因就是方便，有电动扶梯直接到达海边，周围餐馆、食廊、商场、超市、摊位一应俱全。,0.1
2021/12/1,1,选择珠江花园的原因就是方便，有电动扶梯直接到达海边，周围餐馆、食廊、商场、超市、摊位一应俱全。,0.11
2021/12/5,2,选择珠江花园的原因就是方便，有电动扶梯直接到达海边，周围餐馆、食廊、商场、超市、摊位一应俱全。,0.12
2021/12/1,1,选择珠江花园的原因就是方便，有电动扶梯直接到达海边，周围餐馆、食廊、商场、超市、摊位一应俱全。,0.13
2021/12/1,1,选择珠江花园的原因就是方便，有电动扶梯直接到达海边，周围餐馆、食廊、商场、超市、摊位一应俱全。,0.14
2021/12/5,2,选择珠江花园的原因就是方便，有电动扶梯直接到达海边，周围餐馆、食廊、商场、超市、摊位一应俱全。,0.15
2021/12/1,1,选择珠江花园的原因就是方便，有电动扶梯直接到达海边，周围餐馆、食廊、商场、超市、摊位一应俱全。,0.16
2021/12/1,1,选择珠江花园的原因就是方便，有电动扶梯直接到达海边，周围餐馆、食廊、商场、超市、摊位一应俱全。,0.17
2021/12/5,2,选择珠江花园的原因就是方便，有电动扶梯直接到达海边，周围餐馆、食廊、商场、超市、摊位一应俱全。,0.18
2021/12/1,1,选择珠江花园的原因就是方便，有电动扶梯直接到达海边，周围餐馆、食廊、商场、超市、摊位一应俱全。,0.19
2021/12/1,1,选择珠江花园的原因就是方便，有电动扶梯直接到达海边，周围餐馆、食廊、商场、超市、摊位一应俱全。,0.2
2021/12/5,2,选择珠江花园的原因就是方便，有电动扶梯直接到达海边，周围餐馆、食廊、商场、超市、摊位一应俱全。,0.21
2021/12/1,1,选择珠江花园的原因就是方便，有电动扶梯直接到达海边，周围餐馆、食廊、商场、超市、摊位一应俱全。,0.22
2021/12/1,1,选择珠江花园的原因就是方便，有电动扶梯直接到达海边，周围餐馆、食廊、商场、超市、摊位一应俱全。,0.23
2021/12/5,2,选择珠江花园的原因就是方便，有电动扶梯直接到达海边，周围餐馆、食廊、商场、超市、摊位一应俱全。,0.24
2021/12/1,1,选择珠江花园的原因就是方便，有电动扶梯直接到达海边，周围餐馆、食廊、商场、超市、摊位一应俱全。,0.25
2021/12/1,1,选择珠江花园的原因就是方便，有电动扶梯直接到达海边，周围餐馆、食廊、商场、超市、摊位一应俱全。,0.26
2021/12/5,2,选择珠江花园的原因就是方便，有电动扶梯直接到达海边，周围餐馆、食廊、商场、超市、摊位一应俱全。,0.27
2021/12/1,1,选择珠江花园的原因就是方便，有电动扶梯直接到达海边，周围餐馆、食廊、商场、超市、摊位一应俱全。,0.28
2021/12/1,1,选择珠江花园的原因就是方便，有电动扶梯直接到达海边，周围餐馆、食廊、商场、超市、摊位一应俱全。,0.29
2021/12/5,2,选择珠江花园的原因就是方便，有电动扶梯直接到达海边，周围餐馆、食廊、商场、超市、摊位一应俱全。,0.3
2021/12/1,1,选择珠江花园的原因就是方便，有电动扶梯直接到达海边，周围餐馆、食廊、商场、超市、摊位一应俱全。,0.31
2021/12/1,1,选择珠江花园的原因就是方便，有电动扶梯直接到达海边，周围餐馆、食廊、商场、超市、摊位一应俱全。,0.32
2021/12/5,2,选择珠江花园的原因就是方便，有电动扶梯直接到达海边，周围餐馆、食廊、商场、超市、摊位一应俱全。,0.33
2021/12/1,1,选择珠江花园的原因就是方便，有电动扶梯直接到达海边，周围餐馆、食廊、商场、超市、摊位一应俱全。,0.34
2021/12/1,1,选择珠江花园的原因就是方便，有电动扶梯直接到达海边，周围餐馆、食廊、商场、超市、摊位一应俱全。,0.35
2021/12/5,2,选择珠江花园的原因就是方便，有电动扶梯直接到达海边，周围餐馆、食廊、商场、超市、摊位一应俱全。,0.36
2021/12/1,1,选择珠江花园的原因就是方便，有电动扶梯直接到达海边，周围餐馆、食廊、商场、超市、摊位一应俱全。,0.37
2021/12/1,1,选择珠江花园的原因就是方便，有电动扶梯直接到达海边，周围餐馆、食廊、商场、超市、摊位一应俱全。,0.38
2021/12/5,2,选择珠江花园的原因就是方便，有电动扶梯直接到达海边，周围餐馆、食廊、商场、超市、摊位一应俱全。,0.39
2021/12/1,1,选择珠江花园的原因就是方便，有电动扶梯直接到达海边，周围餐馆、食廊、商场、超市、摊位一应俱全。,0.4
2021/12/1,1,选择珠江花园的原因就是方便，有电动扶梯直接到达海边，周围餐馆、食廊、商场、超市、摊位一应俱全。,0.41
2021/12/5,2,选择珠江花园的原因就是方便，有电动扶梯直接到达海边，周围餐馆、食廊、商场、超市、摊位一应俱全。,0.42
2021/12/1,1,选择珠江花园的原因就是方便，有电动扶梯直接到达海边，周围餐馆、食廊、商场、超市、摊位一应俱全。,0.43
2021/12/1,1,选择珠江花园的原因就是方便，有电动扶梯直接到达海边，周围餐馆、食廊、商场、超市、摊位一应俱全。,0.44
2021/12/5,2,选择珠江花园的原因就是方便，有电动扶梯直接到达海边，周围餐馆、食廊、商场、超市、摊位一应俱全。,0.45
2021/12/1,1,选择珠江花园的原因就是方便，有电动扶梯直接到达海边，周围餐馆、食廊、商场、超市、摊位一应俱全。,0.46
2021/12/1,1,选择珠江花园的原因就是方便，有电动扶梯直接到达海边，周围餐馆、食廊、商场、超市、摊位一应俱全。,0.47
2021/12/5,2,选择珠江花园的原因就是方便，有电动扶梯直接到达海边，周围餐馆、食廊、商场、超市、摊位一应俱全。,0.48
2021/12/1,1,选择珠江花园的原因就是方便，有电动扶梯直接到达海边，周围餐馆、食廊、商场、超市、摊位一应俱全。,0.49
2021/12/1,1,选择珠江花园的原因就是方便，有电动扶梯直接到达海边，周围餐馆、食廊、商场、超市、摊位一应俱全。,0.5
2021/12/5,2,选择珠江花园的原因就是方便，有电动扶梯直接到达海边，周围餐馆、食廊、商场、超市、摊位一应俱全。,0.51
2021/12/1,1,选择珠江花园的原因就是方便，有电动扶梯直接到达海边，周围餐馆、食廊、商场、超市、摊位一应俱全。,0.52
2021/12/1,1,选择珠江花园的原因就是方便，有电动扶梯直接到达海边，周围餐馆、食廊、商场、超市、摊位一应俱全。,0.53
2021/12/5,2,选择珠江花园的原因就是方便，有电动扶梯直接到达海边，周围餐馆、食廊、商场、超市、摊位一应俱全。,0.54
2021/12/1,1,选择珠江花园的原因就是方便，有电动扶梯直接到达海边，周围餐馆、食廊、商场、超市、摊位一应俱全。,0.55
2021/12/1,1,选择珠江花园的原因就是方便，有电动扶梯直接到达海边，周围餐馆、食廊、商场、超市、摊位一应俱全。,0.56
2021/12/5,2,选择珠江花园的原因就是方便，有电动扶梯直接到达海边，周围餐馆、食廊、商场、超市、摊位一应俱全。,0.57
2021/12/1,1,选择珠江花园的原因就是方便，有电动扶梯直接到达海边，周围餐馆、食廊、商场、超市、摊位一应俱全。,0.58
2021/12/1,1,选择珠江花园的原因就是方便，有电动扶梯直接到达海边，周围餐馆、食廊、商场、超市、摊位一应俱全。,0.59
2021/12/5,2,选择珠江花园的原因就是方便，有电动扶梯直接到达海边，周围餐馆、食廊、商场、超市、摊位一应俱全。,0.6
2021/12/1,1,选择珠江花园的原因就是方便，有电动扶梯直接到达海边，周围餐馆、食廊、商场、超市、摊位一应俱全。,0.61
2021/12/1,1,选择珠江花园的原因就是方便，有电动扶梯直接到达海边，周围餐馆、食廊、商场、超市、摊位一应俱全。,0.62
2021/12/5,2,选择珠江花园的原因就是方便，有电动扶梯直接到达海边，周围餐馆、食廊、商场、超市、摊位一应俱全。,0.63
2021/12/1,1,选择珠江花园的原因就是方便，有电动扶梯直接到达海边，周围餐馆、食廊、商场、超市、摊位一应俱全。,0.64
2021/12/1,1,选择珠江花园的原因就是方便，有电动扶梯直接到达海边，周围餐馆、食廊、商场、超市、摊位一应俱全。,0.65
2021/12/5,2,选择珠江花园的原因就是方便，有电动扶梯直接到达海边，周围餐馆、食廊、商场、超市、摊位一应俱全。,0.66
2021/12/1,1,选择珠江花园的原因就是方便，有电动扶梯直接到达海边，周围餐馆、食廊、商场、超市、摊位一应俱全。,0.67
2021/12/1,1,选择珠江花园的原因就是方便，有电动扶梯直接到达海边，周围餐馆、食廊、商场、超市、摊位一应俱全。,0.68
2021/12/5,2,选择珠江花园的原因就是方便，有电动扶梯直接到达海边，周围餐馆、食廊、商场、超市、摊位一应俱全。,0.69
2021/12/1,1,选择珠江花园的原因就是方便，有电动扶梯直接到达海边，周围餐馆、食廊、商场、超市、摊位一应俱全。,0.7
2021/12/1,1,选择珠江花园的原因就是方便，有电动扶梯直接到达海边，周围餐馆、食廊、商场、超市、摊位一应俱全。,0.71
2021/12/5,2,选择珠江花园的原因就是方便，有电动扶梯直接到达海边，周围餐馆、食廊、商场、超市、摊位一应俱全。,0.72
2021/12/1,1,选择珠江花园的原因就是方便，有电动扶梯直接到达海边，周围餐馆、食廊、商场、超市、摊位一应俱全。,0.73
2021/12/1,1,选择珠江花园的原因就是方便，有电动扶梯直接到达海边，周围餐馆、食廊、商场、超市、摊位一应俱全。,0.74
2021/12/5,2,选择珠江花园的原因就是方便，有电动扶梯直接到达海边，周围餐馆、食廊、商场、超市、摊位一应俱全。,0.75
2021/12/1,1,选择珠江花园的原因就是方便，有电动扶梯直接到达海边，周围餐馆、食廊、商场、超市、摊位一应俱全。,0.76
2021/12/1,1,选择珠江花园的原因就是方便，有电动扶梯直接到达海边，周围餐馆、食廊、商场、超市、摊位一应俱全。,0.77
2021/12/5,2,选择珠江花园的原因就是方便，有电动扶梯直接到达海边，周围餐馆、食廊、商场、超市、摊位一应俱全。,0.78
2021/12/1,1,选择珠江花园的原因就是方便，有电动扶梯直接到达海边，周围餐馆、食廊、商场、超市、摊位一应俱全。,0.79
2021/12/1,1,选择珠江花园的原因就是方便，有电动扶梯直接到达海边，周围餐馆、食廊、商场、超市、摊位一应俱全。,0.8
2021/12/5,2,选择珠江花园的原因就是方便，有电动扶梯直接到达海边，周围餐馆、食廊、商场、超市、摊位一应俱全。,0.81
2021/12/1,1,选择珠江花园的原因就是方便，有电动扶梯直接到达海边，周围餐馆、食廊、商场、超市、摊位一应俱全。,0.82
2021/12/1,1,选择珠江花园的原因就是方便，有电动扶梯直接到达海边，周围餐馆、食廊、商场、超市、摊位一应俱全。,0.83
2021/12/5,2,选择珠江花园的原因就是方便，有电动扶梯直接到达海边，周围餐馆、食廊、商场、超市、摊位一应俱全。,0.84
2021/12/1,1,选择珠江花园的原因就是方便，有电动扶梯直接到达海边，周围餐馆、食廊、商场、超市、摊位一应俱全。,0.85
2021/12/1,1,选择珠江花园的原因就是方便，有电动扶梯直接到达海边，周围餐馆、食廊、商场、超市、摊位一应俱全。,0.86
2021/12/5,2,选择珠江花园的原因就是方便，有电动扶梯直接到达海边，周围餐馆、食廊、商场、超市、摊位一应俱全。,0.87
2021/12/1,1,选择珠江花园的原因就是方便，有电动扶梯直接到达海边，周围餐馆、食廊、商场、超市、摊位一应俱全。,0.88
2021/12/1,1,选择珠江花园的原因就是方便，有电动扶梯直接到达海边，周围餐馆、食廊、商场、超市、摊位一应俱全。,0.89
2021/12/5,2,选择珠江花园的原因就是方便，有电动扶梯直接到达海边，周围餐馆、食廊、商场、超市、摊位一应俱全。,0.9
2021/12/1,1,选择珠江花园的原因就是方便，有电动扶梯直接到达海边，周围餐馆、食廊、商场、超市、摊位一应俱全。,0.91
2021/12/1,1,选择珠江花园的原因就是方便，有电动扶梯直接到达海边，周围餐馆、食廊、商场、超市、摊位一应俱全。,0.92
2021/12/5,2,选择珠江花园的原因就是方便，有电动扶梯直接到达海边，周围餐馆、食廊、商场、超市、摊位一应俱全。,0.93
2021/12/1,1,选择珠江花园的原因就是方便，有电动扶梯直接到达海边，周围餐馆、食廊、商场、超市、摊位一应俱全。,0.94
2021/12/1,1,选择珠江花园的原因就是方便，有电动扶梯直接到达海边，周围餐馆、食廊、商场、超市、摊位一应俱全。,0.95
2021/12/5,2,选择珠江花园的原因就是方便，有电动扶梯直接到达海边，周围餐馆、食廊、商场、超市、摊位一应俱全。,0.96
2021/12/1,1,选择珠江花园的原因就是方便，有电动扶梯直接到达海边，周围餐馆、食廊、商场、超市、摊位一应俱全。,0.97
2021/12/1,1,选择珠江花园的原因就是方便，有电动扶梯直接到达海边，周围餐馆、食廊、商场、超市、摊位一应俱全。,0.98
2021/12/5,2,选择珠江花园的原因就是方便，有电动扶梯直接到达海边，周围餐馆、食廊、商场、超市、摊位一应俱全。,0.99
2021/12/1,1,选择珠江花园的原因就是方便，有电动扶梯直接到达海边，周围餐馆、食廊、商场、超市、摊位一应俱全。,1
2021/12/1,1,选择珠江花园的原因就是方便，有电动扶梯直接到达海边，周围餐馆、食廊、商场、超市、摊位一应俱全。,1.01
2021/12/5,2,选择珠江花园的原因就是方便，有电动扶梯直接到达海边，周围餐馆、食廊、商场、超市、摊位一应俱全。,1.02
2021/12/1,1,选择珠江花园的原因就是方便，有电动扶梯直接到达海边，周围餐馆、食廊、商场、超市、摊位一应俱全。,1.03
2021/12/1,1,选择珠江花园的原因就是方便，有电动扶梯直接到达海边，周围餐馆、食廊、商场、超市、摊位一应俱全。,1.04
2021/12/5,2,选择珠江花园的原因就是方便，有电动扶梯直接到达海边，周围餐馆、食廊、商场、超市、摊位一应俱全。,1.05
2021/12/1,1,选择珠江花园的原因就是方便，有电动扶梯直接到达海边，周围餐馆、食廊、商场、超市、摊位一应俱全。,1.06
2021/12/1,1,选择珠江花园的原因就是方便，有电动扶梯直接到达海边，周围餐馆、食廊、商场、超市、摊位一应俱全。,1.07
2021/12/5,2,选择珠江花园的原因就是方便，有电动扶梯直接到达海边，周围餐馆、食廊、商场、超市、摊位一应俱全。,1.08
2021/12/1,1,选择珠江花园的原因就是方便，有电动扶梯直接到达海边，周围餐馆、食廊、商场、超市、摊位一应俱全。,1.09
2021/12/1,1,选择珠江花园的原因就是方便，有电动扶梯直接到达海边，周围餐馆、食廊、商场、超市、摊位一应俱全。,1.1
2021/12/5,2,选择珠江花园的原因就是方便，有电动扶梯直接到达海边，周围餐馆、食廊、商场、超市、摊位一应俱全。,1.11
2021/12/1,1,选择珠江花园的原因就是方便，有电动扶梯直接到达海边，周围餐馆、食廊、商场、超市、摊位一应俱全。,1.12
2021/12/1,1,选择珠江花园的原因就是方便，有电动扶梯直接到达海边，周围餐馆、食廊、商场、超市、摊位一应俱全。,1.13
2021/12/5,2,选择珠江花园的原因就是方便，有电动扶梯直接到达海边，周围餐馆、食廊、商场、超市、摊位一应俱全。,1.14
2021/12/1,1,选择珠江花园的原因就是方便，有电动扶梯直接到达海边，周围餐馆、食廊、商场、超市、摊位一应俱全。,1.15
2021/12/1,1,选择珠江花园的原因就是方便，有电动扶梯直接到达海边，周围餐馆、食廊、商场、超市、摊位一应俱全。,1.16
2021/12/5,2,选择珠江花园的原因就是方便，有电动扶梯直接到达海边，周围餐馆、食廊、商场、超市、摊位一应俱全。,1.17
2021/12/1,1,选择珠江花园的原因就是方便，有电动扶梯直接到达海边，周围餐馆、食廊、商场、超市、摊位一应俱全。,1.18
2021/12/1,1,选择珠江花园的原因就是方便，有电动扶梯直接到达海边，周围餐馆、食廊、商场、超市、摊位一应俱全。,1.19
2021/12/5,2,选择珠江花园的原因就是方便，有电动扶梯直接到达海边，周围餐馆、食廊、商场、超市、摊位一应俱全。,1.2
2021/12/1,1,选择珠江花园的原因就是方便，有电动扶梯直接到达海边，周围餐馆、食廊、商场、超市、摊位一应俱全。,1.21
2021/12/1,1,选择珠江花园的原因就是方便，有电动扶梯直接到达海边，周围餐馆、食廊、商场、超市、摊位一应俱全。,1.22
2021/12/5,2,选择珠江花园的原因就是方便，有电动扶梯直接到达海边，周围餐馆、食廊、商场、超市、摊位一应俱全。,1.23
2021/12/1,1,选择珠江花园的原因就是方便，有电动扶梯直接到达海边，周围餐馆、食廊、商场、超市、摊位一应俱全。,1.24
2021/12/1,1,选择珠江花园的原因就是方便，有电动扶梯直接到达海边，周围餐馆、食廊、商场、超市、摊位一应俱全。,1.25
2021/12/5,2,选择珠江花园的原因就是方便，有电动扶梯直接到达海边，周围餐馆、食廊、商场、超市、摊位一应俱全。,1.26
2021/12/1,1,选择珠江花园的原因就是方便，有电动扶梯直接到达海边，周围餐馆、食廊、商场、超市、摊位一应俱全。,1.27
2021/12/1,1,选择珠江花园的原因就是方便，有电动扶梯直接到达海边，周围餐馆、食廊、商场、超市、摊位一应俱全。,1.28
2021/12/5,2,选择珠江花园的原因就是方便，有电动扶梯直接到达海边，周围餐馆、食廊、商场、超市、摊位一应俱全。,1.29
2021/12/1,1,选择珠江花园的原因就是方便，有电动扶梯直接到达海边，周围餐馆、食廊、商场、超市、摊位一应俱全。,1.3
2021/12/1,1,选择珠江花园的原因就是方便，有电动扶梯直接到达海边，周围餐馆、食廊、商场、超市、摊位一应俱全。,1.31
2021/12/5,2,选择珠江花园的原因就是方便，有电动扶梯直接到达海边，周围餐馆、食廊、商场、超市、摊位一应俱全。,1.32
2021/12/1,1,选择珠江花园的原因就是方便，有电动扶梯直接到达海边，周围餐馆、食廊、商场、超市、摊位一应俱全。,1.33
2021/12/1,1,选择珠江花园的原因就是方便，有电动扶梯直接到达海边，周围餐馆、食廊、商场、超市、摊位一应俱全。,1.34
2021/12/5,2,选择珠江花园的原因就是方便，有电动扶梯直接到达海边，周围餐馆、食廊、商场、超市、摊位一应俱全。,1.35
2021/12/1,1,选择珠江花园的原因就是方便，有电动扶梯直接到达海边，周围餐馆、食廊、商场、超市、摊位一应俱全。,1.36
2021/12/1,1,选择珠江花园的原因就是方便，有电动扶梯直接到达海边，周围餐馆、食廊、商场、超市、摊位一应俱全。,1.37
2021/12/5,2,选择珠江花园的原因就是方便，有电动扶梯直接到达海边，周围餐馆、食廊、商场、超市、摊位一应俱全。,1.38
2021/12/1,1,选择珠江花园的原因就是方便，有电动扶梯直接到达海边，周围餐馆、食廊、商场、超市、摊位一应俱全。,1.39
2021/12/1,1,选择珠江花园的原因就是方便，有电动扶梯直接到达海边，周围餐馆、食廊、商场、超市、摊位一应俱全。,1.4
2021/12/5,2,选择珠江花园的原因就是方便，有电动扶梯直接到达海边，周围餐馆、食廊、商场、超市、摊位一应俱全。,1.41
2021/12/1,1,选择珠江花园的原因就是方便，有电动扶梯直接到达海边，周围餐馆、食廊、商场、超市、摊位一应俱全。,1.42
2021/12/1,1,选择珠江花园的原因就是方便，有电动扶梯直接到达海边，周围餐馆、食廊、商场、超市、摊位一应俱全。,1.43
2021/12/5,2,选择珠江花园的原因就是方便，有电动扶梯直接到达海边，周围餐馆、食廊、商场、超市、摊位一应俱全。,1.44
2021/12/5,2,选择珠江花园的原因就是方便，有电动扶梯直接到达海边，周围餐馆、食廊、商场、超市、摊位一应俱全。,1.45
2021/12/1,1,选择珠江花园的原因就是方便，有电动扶梯直接到达海边，周围餐馆、食廊、商场、超市、摊位一应俱全。,1.46
2021/12/1,1,选择珠江花园的原因就是方便，有电动扶梯直接到达海边，周围餐馆、食廊、商场、超市、摊位一应俱全。,1.47
2021/12/5,2,选择珠江花园的原因就是方便，有电动扶梯直接到达海边，周围餐馆、食廊、商场、超市、摊位一应俱全。,1.48
2021/12/1,1,选择珠江花园的原因就是方便，有电动扶梯直接到达海边，周围餐馆、食廊、商场、超市、摊位一应俱全。,1.49
2021/12/1,1,选择珠江花园的原因就是方便，有电动扶梯直接到达海边，周围餐馆、食廊、商场、超市、摊位一应俱全。,1.5
2021/12/5,2,选择珠江花园的原因就是方便，有电动扶梯直接到达海边，周围餐馆、食廊、商场、超市、摊位一应俱全。,1.51
2021/12/1,1,选择珠江花园的原因就是方便，有电动扶梯直接到达海边，周围餐馆、食廊、商场、超市、摊位一应俱全。,1.52
2021/12/1,1,选择珠江花园的原因就是方便，有电动扶梯直接到达海边，周围餐馆、食廊、商场、超市、摊位一应俱全。,1.53
2021/12/5,2,选择珠江花园的原因就是方便，有电动扶梯直接到达海边，周围餐馆、食廊、商场、超市、摊位一应俱全。,1.54
2021/12/1,1,选择珠江花园的原因就是方便，有电动扶梯直接到达海边，周围餐馆、食廊、商场、超市、摊位一应俱全。,1.55
2021/12/1,1,选择珠江花园的原因就是方便，有电动扶梯直接到达海边，周围餐馆、食廊、商场、超市、摊位一应俱全。,1.56
2021/12/5,2,选择珠江花园的原因就是方便，有电动扶梯直接到达海边，周围餐馆、食廊、商场、超市、摊位一应俱全。,1.57
2021/12/1,1,选择珠江花园的原因就是方便，有电动扶梯直接到达海边，周围餐馆、食廊、商场、超市、摊位一应俱全。,1.58
2021/12/1,1,选择珠江花园的原因就是方便，有电动扶梯直接到达海边，周围餐馆、食廊、商场、超市、摊位一应俱全。,1.59
2021/12/5,2,选择珠江花园的原因就是方便，有电动扶梯直接到达海边，周围餐馆、食廊、商场、超市、摊位一应俱全。,1.6
2021/12/1,1,选择珠江花园的原因就是方便，有电动扶梯直接到达海边，周围餐馆、食廊、商场、超市、摊位一应俱全。,1.61
2021/12/1,1,选择珠江花园的原因就是方便，有电动扶梯直接到达海边，周围餐馆、食廊、商场、超市、摊位一应俱全。,1.62
2021/12/5,2,选择珠江花园的原因就是方便，有电动扶梯直接到达海边，周围餐馆、食廊、商场、超市、摊位一应俱全。,1.63
2021/12/1,1,选择珠江花园的原因就是方便，有电动扶梯直接到达海边，周围餐馆、食廊、商场、超市、摊位一应俱全。,1.64
2021/12/1,1,选择珠江花园的原因就是方便，有电动扶梯直接到达海边，周围餐馆、食廊、商场、超市、摊位一应俱全。,1.65
2021/12/5,2,选择珠江花园的原因就是方便，有电动扶梯直接到达海边，周围餐馆、食廊、商场、超市、摊位一应俱全。,1.66
2021/12/1,1,选择珠江花园的原因就是方便，有电动扶梯直接到达海边，周围餐馆、食廊、商场、超市、摊位一应俱全。,1.67
2021/12/1,1,选择珠江花园的原因就是方便，有电动扶梯直接到达海边，周围餐馆、食廊、商场、超市、摊位一应俱全。,1.68
2021/12/5,2,选择珠江花园的原因就是方便，有电动扶梯直接到达海边，周围餐馆、食廊、商场、超市、摊位一应俱全。,1.69
2021/12/1,1,选择珠江花园的原因就是方便，有电动扶梯直接到达海边，周围餐馆、食廊、商场、超市、摊位一应俱全。,1.7
2021/12/1,1,选择珠江花园的原因就是方便，有电动扶梯直接到达海边，周围餐馆、食廊、商场、超市、摊位一应俱全。,1.71
2021/12/5,2,选择珠江花园的原因就是方便，有电动扶梯直接到达海边，周围餐馆、食廊、商场、超市、摊位一应俱全。,1.72
2021/12/1,1,选择珠江花园的原因就是方便，有电动扶梯直接到达海边，周围餐馆、食廊、商场、超市、摊位一应俱全。,1.73
2021/12/1,1,选择珠江花园的原因就是方便，有电动扶梯直接到达海边，周围餐馆、食廊、商场、超市、摊位一应俱全。,1.74
2021/12/5,2,选择珠江花园的原因就是方便，有电动扶梯直接到达海边，周围餐馆、食廊、商场、超市、摊位一应俱全。,1.75
2021/12/1,1,选择珠江花园的原因就是方便，有电动扶梯直接到达海边，周围餐馆、食廊、商场、超市、摊位一应俱全。,1.76
2021/12/1,1,选择珠江花园的原因就是方便，有电动扶梯直接到达海边，周围餐馆、食廊、商场、超市、摊位一应俱全。,1.77
2021/12/5,2,选择珠江花园的原因就是方便，有电动扶梯直接到达海边，周围餐馆、食廊、商场、超市、摊位一应俱全。,1.78
2021/12/1,1,选择珠江花园的原因就是方便，有电动扶梯直接到达海边，周围餐馆、食廊、商场、超市、摊位一应俱全。,1.79
2021/12/1,1,选择珠江花园的原因就是方便，有电动扶梯直接到达海边，周围餐馆、食廊、商场、超市、摊位一应俱全。,1.8
2021/12/5,2,选择珠江花园的原因就是方便，有电动扶梯直接到达海边，周围餐馆、食廊、商场、超市、摊位一应俱全。,1.81
2021/12/1,1,选择珠江花园的原因就是方便，有电动扶梯直接到达海边，周围餐馆、食廊、商场、超市、摊位一应俱全。,1.82
2021/12/1,1,选择珠江花园的原因就是方便，有电动扶梯直接到达海边，周围餐馆、食廊、商场、超市、摊位一应俱全。,1.83
2021/12/5,2,选择珠江花园的原因就是方便，有电动扶梯直接到达海边，周围餐馆、食廊、商场、超市、摊位一应俱全。,1.84
2021/12/1,1,选择珠江花园的原因就是方便，有电动扶梯直接到达海边，周围餐馆、食廊、商场、超市、摊位一应俱全。,1.85
2021/12/1,1,选择珠江花园的原因就是方便，有电动扶梯直接到达海边，周围餐馆、食廊、商场、超市、摊位一应俱全。,1.86
2021/12/5,2,选择珠江花园的原因就是方便，有电动扶梯直接到达海边，周围餐馆、食廊、商场、超市、摊位一应俱全。,1.87
2021/12/1,1,选择珠江花园的原因就是方便，有电动扶梯直接到达海边，周围餐馆、食廊、商场、超市、摊位一应俱全。,1.88
2021/12/1,1,选择珠江花园的原因就是方便，有电动扶梯直接到达海边，周围餐馆、食廊、商场、超市、摊位一应俱全。,1.89
2021/12/5,2,选择珠江花园的原因就是方便，有电动扶梯直接到达海边，周围餐馆、食廊、商场、超市、摊位一应俱全。,1.9
2021/12/1,1,选择珠江花园的原因就是方便，有电动扶梯直接到达海边，周围餐馆、食廊、商场、超市、摊位一应俱全。,1.91
2021/12/1,1,选择珠江花园的原因就是方便，有电动扶梯直接到达海边，周围餐馆、食廊、商场、超市、摊位一应俱全。,1.92
2021/12/5,2,选择珠江花园的原因就是方便，有电动扶梯直接到达海边，周围餐馆、食廊、商场、超市、摊位一应俱全。,1.93
2021/12/1,1,选择珠江花园的原因就是方便，有电动扶梯直接到达海边，周围餐馆、食廊、商场、超市、摊位一应俱全。,1.94
2021/12/1,1,选择珠江花园的原因就是方便，有电动扶梯直接到达海边，周围餐馆、食廊、商场、超市、摊位一应俱全。,1.95
2021/12/5,2,选择珠江花园的原因就是方便，有电动扶梯直接到达海边，周围餐馆、食廊、商场、超市、摊位一应俱全。,1.96
2021/12/1,1,选择珠江花园的原因就是方便，有电动扶梯直接到达海边，周围餐馆、食廊、商场、超市、摊位一应俱全。,1.97
2021/12/1,1,选择珠江花园的原因就是方便，有电动扶梯直接到达海边，周围餐馆、食廊、商场、超市、摊位一应俱全。,1.98
2021/12/5,2,选择珠江花园的原因就是方便，有电动扶梯直接到达海边，周围餐馆、食廊、商场、超市、摊位一应俱全。,1.99
2021/12/1,1,选择珠江花园的原因就是方便，有电动扶梯直接到达海边，周围餐馆、食廊、商场、超市、摊位一应俱全。,2
2021/12/1,1,选择珠江花园的原因就是方便，有电动扶梯直接到达海边，周围餐馆、食廊、商场、超市、摊位一应俱全。,2.01
2021/12/5,2,选择珠江花园的原因就是方便，有电动扶梯直接到达海边，周围餐馆、食廊、商场、超市、摊位一应俱全。,2.02
2021/12/1,1,选择珠江花园的原因就是方便，有电动扶梯直接到达海边，周围餐馆、食廊、商场、超市、摊位一应俱全。,2.03
2021/12/1,1,选择珠江花园的原因就是方便，有电动扶梯直接到达海边，周围餐馆、食廊、商场、超市、摊位一应俱全。,2.04
2021/12/5,2,选择珠江花园的原因就是方便，有电动扶梯直接到达海边，周围餐馆、食廊、商场、超市、摊位一应俱全。,2.05
2021/12/5,2,选择珠江花园的原因就是方便，有电动扶梯直接到达海边，周围餐馆、食廊、商场、超市、摊位一应俱全。,2.06
2021/12/1,1,选择珠江花园的原因就是方便，有电动扶梯直接到达海边，周围餐馆、食廊、商场、超市、摊位一应俱全。,2.07
2021/12/1,1,选择珠江花园的原因就是方便，有电动扶梯直接到达海边，周围餐馆、食廊、商场、超市、摊位一应俱全。,2.08
2021/12/5,2,选择珠江花园的原因就是方便，有电动扶梯直接到达海边，周围餐馆、食廊、商场、超市、摊位一应俱全。,2.09
2021/12/1,1,选择珠江花园的原因就是方便，有电动扶梯直接到达海边，周围餐馆、食廊、商场、超市、摊位一应俱全。,2.1
2021/12/1,1,选择珠江花园的原因就是方便，有电动扶梯直接到达海边，周围餐馆、食廊、商场、超市、摊位一应俱全。,2.11
2021/12/5,2,选择珠江花园的原因就是方便，有电动扶梯直接到达海边，周围餐馆、食廊、商场、超市、摊位一应俱全。,2.12
2021/12/1,1,选择珠江花园的原因就是方便，有电动扶梯直接到达海边，周围餐馆、食廊、商场、超市、摊位一应俱全。,2.13
2021/12/1,1,选择珠江花园的原因就是方便，有电动扶梯直接到达海边，周围餐馆、食廊、商场、超市、摊位一应俱全。,2.14
2021/12/5,2,选择珠江花园的原因就是方便，有电动扶梯直接到达海边，周围餐馆、食廊、商场、超市、摊位一应俱全。,2.15
2021/12/1,1,选择珠江花园的原因就是方便，有电动扶梯直接到达海边，周围餐馆、食廊、商场、超市、摊位一应俱全。,2.16
2021/12/1,1,选择珠江花园的原因就是方便，有电动扶梯直接到达海边，周围餐馆、食廊、商场、超市、摊位一应俱全。,2.17
2021/12/5,2,选择珠江花园的原因就是方便，有电动扶梯直接到达海边，周围餐馆、食廊、商场、超市、摊位一应俱全。,2.18
